n,m,T,n_cops,graph_type,cop_strategy,robber_strategy,n_games,cop_wins,robber_wins,win_rate,mean_rounds,mean_seconds_per_game,placement,k
12,18,30,1,any,minimax(d=5),minimax(d=5),200,83,117,0.415,18.24,0.5947,random,1
12,11,30,1,tree,minimax(d=5),minimax(d=5),200,200,0,1.0,3.85,0.0278,random,1
12,18,30,1,planar,minimax(d=5),minimax(d=5),200,91,109,0.455,17.12,0.5424,random,1
12,18,30,2,any,minimax(d=3),minimax(d=3),200,200,0,1.0,1.81,0.1122,random,2
12,11,30,2,tree,minimax(d=3),minimax(d=3),200,200,0,1.0,2.59,0.0429,random,2
12,18,30,2,planar,minimax(d=3),minimax(d=3),200,200,0,1.0,1.87,0.1259,random,2
12,18,30,3,any,minimax(d=3),minimax(d=3),200,200,0,1.0,1.47,2.5741,random,3
12,11,30,3,tree,minimax(d=3),minimax(d=3),200,200,0,1.0,2.17,0.5275,random,3
12,18,30,3,planar,minimax(d=3),minimax(d=3),200,200,0,1.0,1.5,3.1721,random,3
